,Date,Open,High,Low,Close,Adj Close,Volume,Stock_Symbol
0,9/25/2019,137.5,139.960007,136.029999,139.360001,136.007828,21382000,MSFT
1,9/26/2019,139.440002,140.179993,138.440002,139.539993,136.183548,17456600,MSFT
2,9/27/2019,140.149994,140.360001,136.649994,137.729996,134.417068,22477700,MSFT
3,9/30/2019,138.050003,139.220001,137.779999,139.029999,135.685791,17280900,MSFT
4,10/1/2019,139.660004,140.25,137,137.070007,133.772964,21466600,MSFT
5,10/2/2019,136.25,136.369995,133.580002,134.649994,131.411148,30521700,MSFT
6,10/3/2019,134.949997,136.75,133.220001,136.279999,133.001953,24132900,MSFT
7,10/4/2019,136.75,138.25,136.419998,138.119995,134.797668,22897700,MSFT
8,10/7/2019,137.139999,138.179993,137.020004,137.119995,133.821732,15303700,MSFT
9,10/8/2019,137.080002,137.759995,135.619995,135.669998,132.406616,25550500,MSFT
10,10/9/2019,137.460007,138.699997,136.970001,138.240005,134.914825,19749900,MSFT
11,10/10/2019,138.490005,139.669998,138.25,139.100006,135.754135,17654600,MSFT
12,10/11/2019,140.119995,141.029999,139.5,139.679993,136.32016,25446000,MSFT
13,10/14/2019,139.690002,140.289993,139.520004,139.550003,136.193283,13304300,MSFT
14,10/15/2019,140.059998,141.789993,139.809998,141.570007,138.164719,19695700,MSFT
15,10/16/2019,140.789993,140.990005,139.529999,140.410004,137.032608,20751600,MSFT
16,10/17/2019,140.949997,141.419998,139.020004,139.690002,136.329926,21460600,MSFT
17,10/18/2019,139.759995,140,136.559998,137.410004,134.104767,32273500,MSFT
18,10/21/2019,138.449997,138.5,137.009995,138.429993,135.10022,20078200,MSFT
19,10/22/2019,138.970001,140.009995,136.259995,136.369995,133.089798,27431000,MSFT
20,10/23/2019,136.880005,137.449997,135.610001,137.240005,133.938828,29844600,MSFT
21,10/24/2019,139.389999,140.419998,138.669998,139.940002,136.573929,37029300,MSFT
22,10/25/2019,139.339996,141.139999,139.199997,140.729996,137.344894,25959700,MSFT
23,10/28/2019,144.399994,145.669998,143.509995,144.190002,140.721695,35280100,MSFT
24,10/29/2019,144.080002,144.5,142.649994,142.830002,139.394409,20589500,MSFT
25,10/30/2019,143.520004,145,142.789993,144.610001,141.131592,18496600,MSFT
26,10/31/2019,144.899994,144.929993,142.990005,143.369995,139.921387,24605100,MSFT
27,11/1/2019,144.259995,144.419998,142.970001,143.720001,140.263,33128400,MSFT
28,11/4/2019,144.830002,145,144.160004,144.550003,141.073013,16912000,MSFT
29,11/5/2019,144.970001,145.020004,143.910004,144.460007,140.985184,18250200,MSFT
30,11/6/2019,144.369995,144.520004,143.199997,144.059998,140.594818,16575800,MSFT
31,11/7/2019,143.839996,144.880005,143.770004,144.259995,140.789993,17786700,MSFT
32,11/8/2019,143.979996,145.990005,143.759995,145.960007,142.449127,16732700,MSFT
33,11/11/2019,145.339996,146.419998,144.729996,146.110001,142.595505,14362600,MSFT
34,11/12/2019,146.279999,147.570007,146.059998,147.070007,143.532425,18641600,MSFT
35,11/13/2019,146.740005,147.460007,146.279999,147.309998,143.766617,16919200,MSFT
36,11/14/2019,147.020004,148.410004,147,148.059998,144.498566,19729800,MSFT
37,11/15/2019,148.929993,149.990005,148.270004,149.970001,146.36264,23485700,MSFT
38,11/18/2019,150.070007,150.550003,148.979996,150.339996,146.72374,21534000,MSFT
39,11/19/2019,150.880005,151.330002,150.199997,150.389999,146.772552,23935700,MSFT
40,11/20/2019,150.309998,150.839996,148.460007,149.619995,146.517944,25696800,MSFT
41,11/21/2019,149.399994,149.800003,148.5,149.479996,146.380844,18576100,MSFT
42,11/22/2019,150.070007,150.300003,148.820007,149.589996,146.488556,15901800,MSFT
43,11/25/2019,150,151.350006,149.919998,151.229996,148.094559,22420900,MSFT
44,11/26/2019,151.360001,152.419998,151.320007,152.029999,148.877975,24620100,MSFT
45,11/27/2019,152.330002,152.5,151.520004,152.320007,149.161987,15184400,MSFT
46,11/29/2019,152.100006,152.300003,151.279999,151.380005,148.241425,11977300,MSFT
47,12/2/2019,151.809998,151.830002,148.320007,149.550003,146.449402,27418400,MSFT
48,12/3/2019,147.490005,149.429993,146.649994,149.309998,146.214371,24066000,MSFT
49,12/4/2019,150.139999,150.179993,149.199997,149.850006,146.743179,17574700,MSFT
50,12/5/2019,150.050003,150.320007,149.479996,149.929993,146.821487,17869100,MSFT
51,12/6/2019,150.990005,151.869995,150.270004,151.75,148.60379,16403500,MSFT
52,12/9/2019,151.070007,152.210007,150.910004,151.360001,148.221878,16687400,MSFT
53,12/10/2019,151.289993,151.889999,150.759995,151.130005,147.996613,16476100,MSFT
54,12/11/2019,151.539993,151.869995,150.330002,151.699997,148.55481,18856600,MSFT
55,12/12/2019,151.649994,153.440002,151.020004,153.240005,150.062912,24612100,MSFT
56,12/13/2019,153,154.889999,152.830002,154.529999,151.326157,23845400,MSFT
57,12/16/2019,155.110001,155.899994,154.820007,155.529999,152.30542,24144200,MSFT
58,12/17/2019,155.449997,155.710007,154.449997,154.690002,151.482849,25425600,MSFT
59,12/18/2019,154.300003,155.479996,154.179993,154.369995,151.169464,24129200,MSFT
60,12/19/2019,154,155.770004,153.75,155.710007,152.481705,24958900,MSFT
61,12/20/2019,157.350006,158.490005,156.289993,157.410004,154.146439,53477500,MSFT
62,12/23/2019,158.119995,158.119995,157.270004,157.410004,154.146439,17718200,MSFT
63,12/24/2019,157.479996,157.710007,157.119995,157.380005,154.117065,8989200,MSFT
64,12/26/2019,157.559998,158.729996,157.399994,158.669998,155.380295,14520600,MSFT
65,12/27/2019,159.449997,159.550003,158.220001,158.960007,155.664307,18412800,MSFT
66,12/30/2019,158.990005,159.020004,156.729996,157.589996,154.322708,16348400,MSFT
67,12/31/2019,156.770004,157.770004,156.449997,157.699997,154.43042,18369400,MSFT
68,1/2/2020,158.779999,160.729996,158.330002,160.619995,157.289902,22622100,MSFT
69,1/3/2020,158.320007,159.949997,158.059998,158.619995,155.33136,21116200,MSFT
70,1/6/2020,157.080002,159.100006,156.509995,159.029999,155.732849,20813700,MSFT
71,1/7/2020,159.320007,159.669998,157.320007,157.580002,154.312912,21634100,MSFT
72,1/8/2020,158.929993,160.800003,157.949997,160.089996,156.770874,27746500,MSFT
73,1/9/2020,161.839996,162.220001,161.029999,162.089996,158.729401,21385000,MSFT
74,1/10/2020,162.820007,163.220001,161.179993,161.339996,157.994949,20725900,MSFT
75,1/13/2020,161.759995,163.309998,161.259995,163.279999,159.89473,21626500,MSFT
76,1/14/2020,163.389999,163.600006,161.720001,162.130005,158.768585,23477400,MSFT
77,1/15/2020,162.619995,163.940002,162.570007,163.179993,159.796844,21417900,MSFT
78,1/16/2020,164.350006,166.240005,164.029999,166.169998,162.724808,23865400,MSFT
79,1/17/2020,167.419998,167.470001,165.429993,167.100006,163.635544,34371700,MSFT
80,1/21/2020,166.679993,168.190002,166.429993,166.5,163.047974,29517200,MSFT
81,1/22/2020,167.399994,167.490005,165.679993,165.699997,162.264572,24138800,MSFT
82,1/23/2020,166.190002,166.800003,165.270004,166.720001,163.263412,19680800,MSFT
83,1/24/2020,167.509995,167.529999,164.449997,165.039993,161.618225,24918100,MSFT
84,1/27/2020,161.149994,163.380005,160.199997,162.279999,158.915466,32078100,MSFT
85,1/28/2020,163.779999,165.759995,163.070007,165.460007,162.029556,24899900,MSFT
86,1/29/2020,167.839996,168.75,165.690002,168.039993,164.556046,34754500,MSFT
87,1/30/2020,174.050003,174.050003,170.789993,172.779999,169.197754,51597500,MSFT
88,1/31/2020,172.210007,172.399994,169.580002,170.229996,166.700638,36142700,MSFT
89,2/3/2020,170.429993,174.5,170.399994,174.380005,170.764587,30107000,MSFT
90,2/4/2020,177.139999,180.639999,176.309998,180.119995,176.38559,36433300,MSFT
91,2/5/2020,184.029999,184.199997,178.410004,179.899994,176.170135,39186300,MSFT
92,2/6/2020,180.970001,183.820007,180.059998,183.630005,179.822815,27751400,MSFT
93,2/7/2020,182.850006,185.630005,182.479996,183.889999,180.077423,33529100,MSFT
94,2/10/2020,183.580002,188.839996,183.25,188.699997,184.787704,35844300,MSFT
95,2/11/2020,190.649994,190.699997,183.5,184.440002,180.616058,53159900,MSFT
96,2/12/2020,185.580002,185.850006,181.850006,184.710007,180.880447,47062900,MSFT
97,2/13/2020,183.080002,186.229996,182.869995,183.710007,179.901154,35295800,MSFT
98,2/14/2020,183.25,185.410004,182.649994,185.350006,181.507156,23149500,MSFT
99,2/18/2020,185.610001,187.699997,185.5,187.229996,183.348175,27792200,MSFT
100,2/19/2020,188.059998,188.179993,186.470001,187.279999,183.898071,29997500,MSFT
101,2/20/2020,186.949997,187.25,181.100006,184.419998,181.089722,36862400,MSFT
102,2/21/2020,183.169998,183.5,177.25,178.589996,175.364975,48572600,MSFT
103,2/24/2020,167.770004,174.550003,163.229996,170.889999,167.804031,68311100,MSFT
104,2/25/2020,174.199997,174.839996,167.649994,168.070007,165.034958,68073300,MSFT
105,2/26/2020,169.710007,173.259995,168.210007,170.169998,167.097031,56206100,MSFT
106,2/27/2020,163.320007,167.029999,157.979996,158.179993,155.323563,93174900,MSFT
107,2/28/2020,152.410004,163.710007,152,162.009995,159.084412,97012700,MSFT
108,3/2/2020,165.309998,172.919998,162.309998,172.789993,169.669739,71030800,MSFT
109,3/3/2020,173.800003,175,162.259995,164.509995,161.539246,71677000,MSFT
110,3/4/2020,168.490005,170.699997,165.619995,170.550003,167.470169,49814400,MSFT
111,3/5/2020,166.050003,170.869995,165.690002,166.270004,163.267471,47817300,MSFT
112,3/6/2020,162.610001,163.110001,156,161.570007,158.652328,72821100,MSFT
113,3/9/2020,151,157.75,150,150.619995,147.900085,70419300,MSFT
114,3/10/2020,158.160004,161.029999,152.580002,160.919998,158.014069,65354400,MSFT
115,3/11/2020,157.130005,157.699997,151.149994,153.630005,150.855743,56371600,MSFT
116,3/12/2020,145.300003,153.470001,138.580002,139.059998,136.548843,93226400,MSFT
117,3/13/2020,147.5,161.910004,140.729996,158.830002,155.961823,92727400,MSFT
118,3/16/2020,140,149.350006,135,135.419998,132.974533,87905900,MSFT
119,3/17/2020,140,147.5,135,146.570007,143.923233,81059800,MSFT
120,3/18/2020,138,146,135.020004,140.399994,137.864609,81593200,MSFT
121,3/19/2020,142.770004,150.149994,139,142.710007,140.132935,85922700,MSFT
122,3/20/2020,146,147.100006,135.860001,137.350006,134.86969,84866200,MSFT
123,3/23/2020,137.009995,140.570007,132.520004,135.979996,133.524475,78975200,MSFT
124,3/24/2020,143.75,149.600006,141.270004,148.339996,145.66124,82516700,MSFT
125,3/25/2020,148.910004,154.330002,144.440002,146.919998,144.266907,75638200,MSFT
126,3/26/2020,148.399994,156.660004,148.369995,156.110001,153.290924,64568100,MSFT
127,3/27/2020,151.75,154.889999,149.199997,149.699997,146.996689,57042300,MSFT
128,3/30/2020,152.440002,160.600006,150.009995,160.229996,157.336548,63420300,MSFT
129,3/31/2020,159.399994,164.779999,156.559998,157.710007,154.862045,77927200,MSFT
130,4/1/2020,153,157.75,150.820007,152.110001,149.363174,57969900,MSFT
131,4/2/2020,151.860001,155.479996,150.360001,155.259995,152.456299,49630700,MSFT
132,4/3/2020,155.100006,157.380005,152.190002,153.830002,151.052124,41243300,MSFT
133,4/6/2020,160.320007,166.5,157.580002,165.270004,162.285522,67111700,MSFT
134,4/7/2020,169.589996,170,163.259995,163.490005,160.537689,62769000,MSFT
135,4/8/2020,165.669998,166.669998,163.5,165.130005,162.148056,48318200,MSFT
136,4/9/2020,166.360001,167.369995,163.330002,165.139999,162.157883,51385100,MSFT
137,4/13/2020,164.350006,165.570007,162.300003,165.509995,162.521194,41905300,MSFT
138,4/14/2020,169,173.75,168,173.699997,170.563293,52874300,MSFT
139,4/15/2020,171.199997,173.570007,169.240005,171.880005,168.776154,40940800,MSFT
140,4/16/2020,174.300003,177.279999,172.899994,177.039993,173.842987,50479600,MSFT
141,4/17/2020,179.5,180,175.869995,178.600006,175.374817,52765600,MSFT
142,4/20/2020,176.630005,178.75,174.990005,175.059998,171.898743,36669600,MSFT
143,4/21/2020,173.5,173.669998,166.110001,167.820007,164.789474,56203700,MSFT
144,4/22/2020,171.389999,174,170.820007,173.520004,170.386566,34620200,MSFT
145,4/23/2020,174.110001,175.059998,170.910004,171.419998,168.324493,32790800,MSFT
146,4/24/2020,172.059998,174.559998,170.710007,174.550003,171.397949,34277600,MSFT
147,4/27/2020,176.589996,176.899994,173.300003,174.050003,170.906998,33194400,MSFT
148,4/28/2020,175.589996,175.669998,169.389999,169.809998,166.743546,34392700,MSFT
149,4/29/2020,173.220001,177.679993,171.880005,177.429993,174.225952,51286600,MSFT
150,4/30/2020,180,180.399994,176.229996,179.210007,175.973801,53875900,MSFT
151,5/1/2020,175.800003,178.639999,174.009995,174.570007,171.417603,39370500,MSFT
152,5/4/2020,174.490005,179,173.800003,178.839996,175.610474,30372900,MSFT
153,5/5/2020,180.619995,183.649994,179.899994,180.759995,177.495819,36839200,MSFT
154,5/6/2020,182.080002,184.199997,181.630005,182.539993,179.243652,32139300,MSFT
155,5/7/2020,184.169998,184.550003,182.580002,183.600006,180.284531,28316000,MSFT
156,5/8/2020,184.979996,185,183.360001,184.679993,181.345016,30877800,MSFT
157,5/11/2020,183.149994,187.509995,182.850006,186.740005,183.367798,30892700,MSFT
158,5/12/2020,186.800003,187.039993,182.300003,182.509995,179.214203,32038200,MSFT
159,5/13/2020,182.550003,184.050003,176.539993,179.75,176.504044,44711500,MSFT
160,5/14/2020,177.539993,180.690002,175.679993,180.529999,177.269958,41873900,MSFT
161,5/15/2020,179.059998,187.059998,177,183.160004,179.852463,46610400,MSFT
162,5/18/2020,185.75,186.199997,183.960007,184.910004,181.570847,35264500,MSFT
163,5/19/2020,185.029999,186.600006,183.490005,183.630005,180.31398,26799100,MSFT
164,5/20/2020,184.809998,185.850006,183.940002,185.660004,182.815063,31261300,MSFT
165,5/21/2020,185.399994,186.669998,183.289993,183.429993,180.619217,29119500,MSFT
166,5/22/2020,183.190002,184.460007,182.539993,183.509995,180.697998,20826900,MSFT
167,5/26/2020,186.339996,186.5,181.100006,181.570007,178.787735,36073600,MSFT
168,5/27/2020,180.199997,181.990005,176.600006,181.809998,179.024063,39517100,MSFT
169,5/28/2020,180.740005,184.149994,180.380005,181.399994,178.620346,33810200,MSFT
170,5/29/2020,182.729996,184.270004,180.410004,183.25,180.442001,42130400,MSFT
171,6/1/2020,182.539993,183,181.460007,182.830002,180.028442,22622400,MSFT
172,6/2/2020,184.25,185,181.350006,184.910004,182.076569,30794600,MSFT
173,6/3/2020,184.820007,185.940002,183.580002,185.360001,182.519684,27311000,MSFT
174,6/4/2020,184.300003,185.839996,182.300003,182.919998,180.11705,28761800,MSFT
175,6/5/2020,182.619995,187.729996,182.009995,187.199997,184.331467,39893600,MSFT
176,6/8/2020,185.940002,188.550003,184.440002,188.360001,185.473694,33211600,MSFT
177,6/9/2020,188,190.699997,187.259995,189.800003,186.891617,29783900,MSFT
178,6/10/2020,191.130005,198.520004,191.009995,196.839996,193.82373,43872300,MSFT
179,6/11/2020,193.130005,195.759995,186.070007,186.270004,183.41571,52854700,MSFT
180,6/12/2020,190.539993,191.720001,185.179993,187.740005,184.86319,43373600,MSFT
181,6/15/2020,184.580002,190.820007,184.009995,188.940002,186.0448,32770200,MSFT
182,6/16/2020,192.889999,195.580002,191.460007,193.570007,190.603867,42556700,MSFT
183,6/17/2020,195.029999,196.320007,193.690002,194.240005,191.263596,25687800,MSFT
184,6/18/2020,194,196.490005,194,196.320007,193.311722,23061600,MSFT
185,6/19/2020,198.589996,199.289993,194.369995,195.149994,192.159622,44441100,MSFT
186,6/22/2020,195.789993,200.759995,195.229996,200.570007,197.496613,32818900,MSFT
187,6/23/2020,202.089996,203.949997,201.429993,201.910004,198.816055,30917400,MSFT
188,6/24/2020,201.600006,203.25,196.559998,197.839996,194.808411,36740600,MSFT
189,6/25/2020,197.800003,200.610001,195.470001,200.339996,197.270111,27803900,MSFT
190,6/26/2020,199.729996,199.889999,194.880005,196.330002,193.321564,54675800,MSFT
191,6/29/2020,195.779999,198.529999,193.550003,198.440002,195.399231,26701600,MSFT
192,6/30/2020,197.880005,204.399994,197.740005,203.509995,200.391571,34310300,MSFT
193,7/1/2020,203.139999,206.350006,201.770004,204.699997,201.563309,32061200,MSFT
194,7/2/2020,205.679993,208.020004,205,206.259995,203.099396,29315800,MSFT
195,7/6/2020,208.830002,211.130005,208.089996,210.699997,207.471359,31897600,MSFT
196,7/7/2020,210.449997,214.669998,207.990005,208.25,205.058884,33600700,MSFT
197,7/8/2020,210.070007,213.259995,208.690002,212.830002,209.568726,33600000,MSFT
198,7/9/2020,216.330002,216.380005,211.470001,214.320007,211.035889,33121700,MSFT
199,7/10/2020,213.619995,214.080002,211.080002,213.669998,210.395844,26177600,MSFT
200,7/13/2020,214.479996,215.800003,206.5,207.070007,203.896988,38135600,MSFT
201,7/14/2020,206.130005,208.850006,202.029999,208.350006,205.157394,37591800,MSFT
202,7/15/2020,209.559998,211.330002,205.029999,208.039993,204.852112,32179400,MSFT
203,7/16/2020,205.399994,205.699997,202.309998,203.919998,200.795273,29940700,MSFT
204,7/17/2020,204.470001,205.039993,201.389999,202.880005,199.771194,31635300,MSFT
205,7/20/2020,205,212.300003,203.009995,211.600006,208.357574,36884800,MSFT
206,7/21/2020,213.660004,213.940002,208.029999,208.75,205.551239,37990400,MSFT
207,7/22/2020,209.199997,212.300003,208.389999,211.75,208.505264,49605700,MSFT
208,7/23/2020,207.190002,210.919998,202.149994,202.539993,199.436401,67457000,MSFT
209,7/24/2020,200.419998,202.860001,197.509995,201.300003,198.215393,39827000,MSFT
210,7/27/2020,201.470001,203.970001,200.860001,203.850006,200.726349,30160900,MSFT
211,7/28/2020,203.610001,204.699997,201.740005,202.020004,198.924377,23251400,MSFT
212,7/29/2020,202.5,204.649994,202.009995,204.059998,200.933105,19632600,MSFT
213,7/30/2020,201,204.460007,199.570007,203.899994,200.775558,25079600,MSFT
214,7/31/2020,204.399994,205.100006,199.009995,205.009995,201.868561,51044000,MSFT
215,8/3/2020,211.520004,217.639999,210.440002,216.539993,213.221863,78983000,MSFT
216,8/4/2020,214.169998,214.770004,210.309998,213.289993,210.021667,49280100,MSFT
217,8/5/2020,214.899994,215,211.570007,212.940002,209.677048,28806400,MSFT
218,8/6/2020,212.339996,216.369995,211.550003,216.350006,213.03479,32656800,MSFT
219,8/7/2020,214.850006,215.699997,210.929993,212.479996,209.224091,27820400,MSFT
220,8/10/2020,211.669998,211.880005,206.350006,208.25,205.058884,36716500,MSFT
221,8/11/2020,207.160004,207.649994,203.139999,203.380005,200.263535,36446500,MSFT
222,8/12/2020,205.289993,210.279999,204.75,209.190002,205.984512,28013100,MSFT
223,8/13/2020,209.440002,211.350006,208.149994,208.699997,205.501999,22588900,MSFT
224,8/14/2020,208.759995,209.589996,207.509995,208.899994,205.698944,17958900,MSFT
225,8/17/2020,209.600006,211.190002,208.919998,210.279999,207.0578,20184800,MSFT
226,8/18/2020,210.529999,212.360001,209.210007,211.490005,208.249268,21336200,MSFT
227,8/19/2020,211.490005,212.100006,209.25,209.699997,206.985825,27627600,MSFT
228,8/20/2020,209.539993,215,208.910004,214.580002,211.802658,26981500,MSFT
229,8/21/2020,213.860001,216.25,212.850006,213.020004,210.262863,36249300,MSFT
230,8/24/2020,214.789993,215.520004,212.429993,213.690002,210.924179,25460100,MSFT
231,8/25/2020,213.100006,216.610001,213.100006,216.470001,213.668213,23043700,MSFT
232,8/26/2020,217.880005,222.089996,217.360001,221.149994,218.287643,39600800,MSFT
233,8/27/2020,222.889999,231.149994,219.399994,226.580002,223.647385,57602200,MSFT
234,8/28/2020,228.179993,230.639999,226.580002,228.910004,225.947189,26292900,MSFT
235,8/31/2020,227,228.699997,224.309998,225.529999,222.610931,28774200,MSFT
236,9/1/2020,225.509995,227.449997,224.429993,227.270004,224.32843,25725500,MSFT
237,9/2/2020,227.970001,232.860001,227.350006,231.649994,228.651733,34080800,MSFT
238,9/3/2020,229.270004,229.309998,214.960007,217.300003,214.487488,58400300,MSFT
239,9/4/2020,215.100006,218.360001,205.190002,214.25,211.476959,59664100,MSFT
240,9/8/2020,206.5,210.029999,202.199997,202.660004,200.036957,52924300,MSFT
241,9/9/2020,207.600006,214.839996,206.699997,211.289993,208.555252,45679000,MSFT
242,9/10/2020,213.399994,214.740005,204.110001,205.369995,202.711884,35461500,MSFT
243,9/11/2020,207.199997,208.630005,201.240005,204.029999,201.389236,33620100,MSFT
244,9/14/2020,204.240005,209.199997,204.029999,205.410004,202.751373,30375800,MSFT
245,9/15/2020,208.419998,209.779999,206.929993,208.779999,206.077759,21823900,MSFT
246,9/16/2020,210.619995,210.649994,204.639999,205.050003,202.396027,26328100,MSFT
247,9/17/2020,200.050003,204.330002,199.960007,202.910004,200.283722,34011300,MSFT
248,9/18/2020,202.800003,203.649994,196.25,200.389999,197.796341,55225300,MSFT
249,9/21/2020,197.190002,202.710007,196.380005,202.539993,199.918503,39839700,MSFT
250,9/22/2020,205.059998,208.100006,202.080002,207.419998,204.735321,33517100,MSFT
251,9/23/2020,207.899994,208.100006,200.029999,200.589996,197.993744,30803800,MSFT
252,9/24/2020,199.850006,205.570007,199.199997,203.190002,200.560089,31202500,MSFT
253,9/25/2020,203.550003,209.039993,202.539993,207.820007,205.130188,29437300,MSFT
254,9/28/2020,210.880005,212.570007,208.059998,209.440002,206.729218,32004900,MSFT
255,9/29/2020,209.350006,210.070007,206.809998,207.259995,204.577408,24221900,MSFT
256,9/30/2020,207.729996,211.979996,206.539993,210.330002,207.607681,33829100,MSFT
257,10/1/2020,213.490005,213.990005,211.320007,212.460007,209.710114,27158400,MSFT
258,10/2/2020,208,210.990005,205.539993,206.190002,203.521271,33154800,MSFT
259,10/5/2020,207.220001,210.410004,206.979996,210.380005,207.657043,21331600,MSFT
260,10/6/2020,208.820007,210.179993,204.820007,205.910004,203.244904,28554300,MSFT
261,10/7/2020,207.059998,210.110001,206.720001,209.830002,207.114136,25681100,MSFT
262,10/8/2020,210.509995,211.190002,208.320007,210.580002,207.854446,19925800,MSFT
263,10/9/2020,211.229996,215.860001,211.229996,215.809998,213.016739,26458000,MSFT
264,10/12/2020,218.789993,223.860001,216.809998,221.399994,218.534393,40461400,MSFT
265,10/13/2020,222.720001,225.210007,220.429993,222.860001,219.97551,28950800,MSFT
266,10/14/2020,223,224.220001,219.130005,220.860001,218.001404,23421700,MSFT
267,10/15/2020,217.100006,220.360001,216.009995,219.660004,216.81694,22733100,MSFT
268,10/16/2020,220.149994,222.289993,219.320007,219.660004,216.81694,26057900,MSFT
269,10/19/2020,220.419998,222.300003,213.720001,214.220001,211.447342,27625800,MSFT
270,10/20/2020,215.800003,217.369995,213.089996,214.649994,211.87175,22753500,MSFT
271,10/21/2020,213.119995,216.919998,213.119995,214.800003,212.019836,22724900,MSFT
272,10/22/2020,213.929993,216.059998,211.699997,214.889999,212.108643,22351500,MSFT
273,10/23/2020,215.029999,216.279999,213.160004,216.229996,213.431305,18879600,MSFT
274,10/26/2020,213.850006,216.339996,208.100006,210.080002,207.360916,37111600,MSFT
275,10/27/2020,211.589996,214.669998,210.330002,213.25,210.489899,36700300,MSFT
276,10/28/2020,207.669998,208.839996,202.100006,202.679993,200.056686,51195600,MSFT
277,10/29/2020,204.070007,207.360001,203.369995,204.720001,202.070267,31432600,MSFT
278,10/30/2020,203.5,204.289993,199.619995,202.470001,199.849442,36953700,MSFT
279,11/2/2020,204.289993,205.279999,200.119995,202.330002,199.711212,30842200,MSFT
280,11/3/2020,203.889999,208.119995,203.119995,206.429993,203.758163,27512000,MSFT
281,11/4/2020,214.020004,218.320007,212.419998,216.389999,213.589233,42311800,MSFT
282,11/5/2020,222.039993,224.119995,221.149994,223.289993,220.399948,36080100,MSFT
283,11/6/2020,222.259995,224.360001,218.029999,223.720001,220.824371,25231900,MSFT
284,11/9/2020,224.440002,228.119995,217.880005,218.389999,215.563354,44395000,MSFT
285,11/10/2020,214.5,216.5,209.720001,211.009995,208.278854,44045100,MSFT
286,11/11/2020,212.389999,218.039993,212.199997,216.550003,213.747162,29440800,MSFT
287,11/12/2020,217.210007,219.110001,214.460007,215.440002,212.65155,21593900,MSFT
288,11/13/2020,216.360001,217.419998,214.160004,216.509995,213.707687,18621100,MSFT
289,11/16/2020,214.869995,217.740005,214.520004,217.229996,214.418365,24953300,MSFT
290,11/17/2020,216.100006,217.679993,214.080002,214.460007,211.68425,24154100,MSFT
291,11/18/2020,213.649994,215.169998,210.929993,211.080002,208.893448,28372800,MSFT
292,11/19/2020,211.380005,213.029999,209.929993,212.419998,210.219559,24792700,MSFT
293,11/20/2020,212.199997,213.289993,210,210.389999,208.210602,22843100,MSFT
294,11/23/2020,210.949997,212.289993,208.160004,210.110001,207.933487,25683500,MSFT
295,11/24/2020,209.589996,214.25,208.860001,213.860001,211.644638,33979700,MSFT
296,11/25/2020,215.110001,215.289993,212.460007,213.869995,211.654541,21012900,MSFT
297,11/27/2020,214.850006,216.270004,214.039993,215.229996,213.000458,14512200,MSFT
298,11/30/2020,214.100006,214.759995,210.839996,214.070007,211.852478,33064800,MSFT
299,12/1/2020,214.509995,217.320007,213.350006,216.210007,213.970291,30904500,MSFT
300,9/25/2019,44.911999,45.796001,43.672001,45.740002,45.740002,47135500,TSLA
301,9/26/2019,46.132,48.661999,45.48,48.512001,48.512001,59422500,TSLA
302,9/27/2019,48.439999,49.742001,47.745998,48.425999,48.425999,55582000,TSLA
303,9/30/2019,48.599998,48.796001,47.222,48.174,48.174,29399000,TSLA
304,10/1/2019,48.299999,49.189999,47.826,48.938,48.938,30813000,TSLA
305,10/2/2019,48.658001,48.93,47.886002,48.625999,48.625999,28157000,TSLA
306,10/3/2019,46.372002,46.896,44.855999,46.605999,46.605999,75422500,TSLA
307,10/4/2019,46.321999,46.956001,45.613998,46.285999,46.285999,39975000,TSLA
308,10/7/2019,45.959999,47.712002,45.709999,47.543999,47.543999,40321000,TSLA
309,10/8/2019,47.174,48.787998,46.900002,48.009998,48.009998,43391000,TSLA
310,10/9/2019,48.264,49.459999,48.130001,48.905998,48.905998,34472000,TSLA
311,10/10/2019,49.056,49.855999,48.316002,48.948002,48.948002,31416500,TSLA
312,10/11/2019,49.43,50.216,49.362,49.577999,49.577999,42377000,TSLA
313,10/14/2019,49.580002,51.709999,49.425999,51.391998,51.391998,51025000,TSLA
314,10/15/2019,51.540001,52,50.824001,51.577999,51.577999,32164000,TSLA
315,10/16/2019,51.478001,52.419998,51.383999,51.950001,51.950001,33420500,TSLA
316,10/17/2019,52.5,52.956001,52.034,52.394001,52.394001,23846500,TSLA
317,10/18/2019,52.139999,52.560001,51.02,51.389999,51.389999,28749000,TSLA
318,10/21/2019,51.666,51.900002,50.035999,50.700001,50.700001,25101500,TSLA
319,10/22/2019,50.863998,51.666,50.169998,51.116001,51.116001,23004000,TSLA
320,10/23/2019,50.900002,51.228001,50.27,50.936001,50.936001,26305500,TSLA
321,10/24/2019,59.674,60.986,57.84,59.936001,59.936001,148604500,TSLA
322,10/25/2019,59.543999,66,59.222,65.625999,65.625999,150030500,TSLA
323,10/28/2019,65.508003,68.167999,64.519997,65.542,65.542,94351500,TSLA
324,10/29/2019,63.998001,64.860001,62.950001,63.243999,63.243999,63421500,TSLA
325,10/30/2019,62.599998,63.757999,61.993999,63.001999,63.001999,48209000,TSLA
326,10/31/2019,62.619999,63.799999,62.599998,62.984001,62.984001,25335000,TSLA
327,11/1/2019,63.264,63.296001,61.959999,62.661999,62.661999,31919500,TSLA
328,11/4/2019,62.959999,64.388,61.852001,63.493999,63.493999,43935000,TSLA
329,11/5/2019,63.924,64.702003,63.223999,63.444,63.444,34717000,TSLA
330,11/6/2019,63.599998,65.344002,62.900002,65.316002,65.316002,39704500,TSLA
331,11/7/2019,65.828003,68.300003,65.603996,67.108002,67.108002,72336500,TSLA
332,11/8/2019,66.900002,67.491997,66.5,67.428001,67.428001,30346000,TSLA
333,11/11/2019,68.790001,69.837997,68.400002,69.017998,69.017998,49933500,TSLA
334,11/12/2019,69.379997,70.073997,68.807999,69.986,69.986,36797000,TSLA
335,11/13/2019,71,71.265999,69.036003,69.222,69.222,42100500,TSLA
336,11/14/2019,69.222,70.767998,68.582001,69.870003,69.870003,32324500,TSLA
337,11/15/2019,70.127998,70.559998,69.671997,70.433998,70.433998,24045000,TSLA
338,11/18/2019,70.584,70.629997,69.220001,69.998001,69.998001,22002000,TSLA
339,11/19/2019,70.349998,71.998001,69.559998,71.903999,71.903999,38624000,TSLA
340,11/20/2019,72,72.239998,69.914001,70.444,70.444,33625500,TSLA
341,11/21/2019,70.902,72.167999,70.800003,70.966003,70.966003,30550000,TSLA
342,11/22/2019,68.031998,68.199997,66,66.608002,66.608002,84353000,TSLA
343,11/25/2019,68.863998,68.914001,66.891998,67.267998,67.267998,61697500,TSLA
344,11/26/2019,67.054001,67.099998,65.419998,65.783997,65.783997,39737000,TSLA
345,11/27/2019,66.223999,66.786003,65.713997,66.258003,66.258003,27778000,TSLA
346,11/29/2019,66.222,66.251999,65.5,65.987999,65.987999,12328000,TSLA
347,12/2/2019,65.879997,67.276001,65.737999,66.973999,66.973999,30372500,TSLA
348,12/3/2019,66.524002,67.582001,66.438004,67.239998,67.239998,32868500,TSLA
349,12/4/2019,67.550003,67.571999,66.57,66.606003,66.606003,27665000,TSLA
350,12/5/2019,66.566002,66.884003,65.449997,66.073997,66.073997,18623000,TSLA
351,12/6/2019,67,67.772003,66.954002,67.178001,67.178001,38062000,TSLA
352,12/9/2019,67.318001,68.889999,67.015999,67.905998,67.905998,45115500,TSLA
353,12/10/2019,67.991997,70.146004,67.862,69.767998,69.767998,44141500,TSLA
354,12/11/2019,70.375999,71.438004,70.218002,70.540001,70.540001,34489000,TSLA
355,12/12/2019,70.984001,72.547997,70.646004,71.935997,71.935997,38819500,TSLA
356,12/13/2019,72.209999,73.042,70.928001,71.678001,71.678001,32854500,TSLA
357,12/16/2019,72.510002,76.722,72.5,76.300003,76.300003,90871000,TSLA
358,12/17/2019,75.797997,77.099998,75.18,75.797997,75.797997,42484000,TSLA
359,12/18/2019,76.125999,79.043999,76.115997,78.629997,78.629997,70605000,TSLA
360,12/19/2019,79.463997,81.370003,79.300003,80.807999,80.807999,90535500,TSLA
361,12/20/2019,82.057999,82.599998,80.038002,81.117996,81.117996,73763500,TSLA
362,12/23/2019,82.356003,84.402,82,83.844002,83.844002,66598000,TSLA
363,12/24/2019,83.671997,85.094002,82.538002,85.050003,85.050003,40273500,TSLA
364,12/26/2019,85.582001,86.695999,85.269997,86.188004,86.188004,53169500,TSLA
365,12/27/2019,87,87.061996,85.222,86.075996,86.075996,49728500,TSLA
366,12/30/2019,85.758003,85.800003,81.851997,82.940002,82.940002,62932000,TSLA
367,12/31/2019,81,84.258003,80.416,83.666,83.666,51428500,TSLA
368,1/2/2020,84.900002,86.139999,84.342003,86.052002,86.052002,47660500,TSLA
369,1/3/2020,88.099998,90.800003,87.384003,88.601997,88.601997,88892500,TSLA
370,1/6/2020,88.094002,90.311996,88,90.307999,90.307999,50665000,TSLA
371,1/7/2020,92.279999,94.325996,90.671997,93.811996,93.811996,89410500,TSLA
372,1/8/2020,94.739998,99.697998,93.646004,98.428001,98.428001,155721500,TSLA
373,1/9/2020,99.419998,99.760002,94.573997,96.267998,96.267998,142202000,TSLA
374,1/10/2020,96.358002,96.987999,94.739998,95.629997,95.629997,64797500,TSLA
375,1/13/2020,98.699997,105.125999,98.400002,104.972,104.972,132588000,TSLA
376,1/14/2020,108.851997,109.482002,104.980003,107.584,107.584,144981000,TSLA
377,1/15/2020,105.952003,107.568001,103.358002,103.699997,103.699997,86844000,TSLA
378,1/16/2020,98.75,102.891998,98.433998,102.697998,102.697998,108683500,TSLA
379,1/17/2020,101.522003,103.134003,100.632004,102.099998,102.099998,68145500,TSLA
380,1/21/2020,106.050003,109.716003,105.681999,109.440002,109.440002,89017500,TSLA
381,1/22/2020,114.377998,118.900002,111.82,113.912003,113.912003,156845000,TSLA
382,1/23/2020,112.849998,116.400002,111.120003,114.440002,114.440002,98255000,TSLA
383,1/24/2020,114.125999,114.772003,110.851997,112.963997,112.963997,71768000,TSLA
384,1/27/2020,108.398003,112.888,107.856003,111.603996,111.603996,68040500,TSLA
385,1/28/2020,113.697998,115.362,111.615997,113.379997,113.379997,58942500,TSLA
386,1/29/2020,115.138,117.959999,113.486,116.197998,116.197998,89007500,TSLA
387,1/30/2020,126.484001,130.175995,123.599998,128.162003,128.162003,145028500,TSLA
388,1/31/2020,128,130.600006,126.503998,130.113998,130.113998,78596500,TSLA
389,2/3/2020,134.738007,157.227997,134.703995,156,156,235325000,TSLA
390,2/4/2020,176.591995,193.798004,166.776001,177.412003,177.412003,304694000,TSLA
391,2/5/2020,164.651993,169.195999,140.822006,146.940002,146.940002,242119000,TSLA
392,2/6/2020,139.983994,159.166,137.399994,149.792007,149.792007,199404000,TSLA
393,2/7/2020,146.110001,153.949997,146,149.613998,149.613998,85317500,TSLA
394,2/10/2020,160,163.998001,150.479996,154.255997,154.255997,123446000,TSLA
395,2/11/2020,153.757996,156.701996,151.600006,154.876007,154.876007,58487500,TSLA
396,2/12/2020,155.574005,157.949997,152.673996,153.457993,153.457993,60112500,TSLA
397,2/13/2020,148.367996,163.600006,147,160.800003,160.800003,131446500,TSLA
398,2/14/2020,157.444,162.593994,157.100006,160.005997,160.005997,78468500,TSLA
399,2/18/2020,168.320007,172,166.472,171.679993,171.679993,81908500,TSLA
400,2/19/2020,184.699997,188.955994,180.203995,183.483994,183.483994,127115000,TSLA
401,2/20/2020,182.389999,182.399994,171.988007,179.882004,179.882004,88174500,TSLA
402,2/21/2020,181.395996,182.612,176.089996,180.199997,180.199997,71574000,TSLA
403,2/24/2020,167.800003,172.699997,164.440002,166.757996,166.757996,75961000,TSLA
404,2/25/2020,169.800003,171.320007,157.399994,159.981995,159.981995,86452500,TSLA
405,2/26/2020,156.5,162.662003,155.222,155.759995,155.759995,70427500,TSLA
406,2/27/2020,146,147.953995,133.800003,135.800003,135.800003,121386000,TSLA
407,2/28/2020,125.940002,138.104004,122.304001,133.598007,133.598007,121114500,TSLA
408,3/2/2020,142.251999,148.738007,137.334,148.723999,148.723999,100975000,TSLA
409,3/3/2020,161,161.395996,143.222,149.102005,149.102005,128920000,TSLA
410,3/4/2020,152.792007,153.304001,144.945999,149.899994,149.899994,75245000,TSLA
411,3/5/2020,144.753998,149.149994,143.613998,144.908005,144.908005,54263500,TSLA
412,3/6/2020,138,141.399994,136.854004,140.695999,140.695999,63314500,TSLA
413,3/9/2020,121.078003,132.600006,121,121.599998,121.599998,85368500,TSLA
414,3/10/2020,131.886002,133.600006,121.599998,129.065994,129.065994,77972000,TSLA
415,3/11/2020,128.039993,130.716003,122.599998,126.846001,126.846001,66612500,TSLA
416,3/12/2020,116.178001,118.900002,109.25,112.110001,112.110001,94545500,TSLA
417,3/13/2020,119,121.514,100.400002,109.323997,109.323997,113201500,TSLA
418,3/16/2020,93.900002,98.973999,88.433998,89.014,89.014,102447500,TSLA
419,3/17/2020,88.001999,94.370003,79.199997,86.040001,86.040001,119973000,TSLA
420,3/18/2020,77.800003,80.972,70.101997,72.244003,72.244003,118931000,TSLA
421,3/19/2020,74.940002,90.400002,71.692001,85.528,85.528,150977500,TSLA
422,3/20/2020,87.639999,95.400002,85.157997,85.505997,85.505997,141427500,TSLA
423,3/23/2020,86.720001,88.400002,82.099998,86.858002,86.858002,82272500,TSLA
424,3/24/2020,95.459999,102.737999,94.800003,101,101,114476000,TSLA
425,3/25/2020,109.050003,111.400002,102.222,107.849998,107.849998,106113500,TSLA
426,3/26/2020,109.477997,112,102.449997,105.632004,105.632004,86903500,TSLA
427,3/27/2020,101,105.160004,98.806,102.872002,102.872002,71887000,TSLA
428,3/30/2020,102.052002,103.330002,98.246002,100.426003,100.426003,59990500,TSLA
429,3/31/2020,100.25,108.592003,99.400002,104.800003,104.800003,88857500,TSLA
430,4/1/2020,100.800003,102.790001,95.019997,96.311996,96.311996,66766000,TSLA
431,4/2/2020,96.206001,98.851997,89.279999,90.893997,90.893997,99292000,TSLA
432,4/3/2020,101.900002,103.098,93.678001,96.001999,96.001999,112810500,TSLA
433,4/6/2020,102.239998,104.199997,99.592003,103.248001,103.248001,74509000,TSLA
434,4/7/2020,109,113,106.468002,109.089996,109.089996,89599000,TSLA
435,4/8/2020,110.839996,111.442001,106.666,109.767998,109.767998,63280000,TSLA
436,4/9/2020,112.417999,115.036003,111.421997,114.599998,114.599998,68250000,TSLA
437,4/13/2020,118.031998,130.399994,116.106003,130.190002,130.190002,112377000,TSLA
438,4/14/2020,139.794006,148.376007,138.485992,141.977997,141.977997,152882500,TSLA
439,4/15/2020,148.399994,150.626007,142,145.966003,145.966003,117885000,TSLA
440,4/16/2020,143.388,151.889999,141.343994,149.042007,149.042007,103289500,TSLA
441,4/17/2020,154.455994,154.990005,149.531998,150.778,150.778,65641000,TSLA
442,4/20/2020,146.539993,153.113998,142.442001,149.272003,149.272003,73733000,TSLA
443,4/21/2020,146.024002,150.666,134.757996,137.343994,137.343994,101045500,TSLA
444,4/22/2020,140.796005,146.800003,137.742004,146.421997,146.421997,70827500,TSLA
445,4/23/2020,145.520004,146.800003,140.626007,141.126007,141.126007,66183500,TSLA
446,4/24/2020,142.162003,146.145996,139.636002,145.029999,145.029999,66060000,TSLA
447,4/27/2020,147.522003,159.897995,147,159.75,159.75,103407000,TSLA
448,4/28/2020,159.128006,161,151.337997,153.824005,153.824005,76110000,TSLA
449,4/29/2020,158.033997,160.639999,156.632004,160.102005,160.102005,81080000,TSLA
450,4/30/2020,171.037994,173.964005,152.699997,156.376007,156.376007,142359500,TSLA
451,5/1/2020,151,154.554001,136.608002,140.264008,140.264008,162659000,TSLA
452,5/4/2020,140.199997,152.399994,139.600006,152.238007,152.238007,96185500,TSLA
453,5/5/2020,157.957993,159.783997,152.436005,153.641998,153.641998,84958500,TSLA
454,5/6/2020,155.300003,157.960007,152.222,156.516006,156.516006,55616000,TSLA
455,5/7/2020,155.442001,159.279999,154.470001,156.007996,156.007996,57638500,TSLA
456,5/8/2020,158.753998,164.800003,157.401993,163.884003,163.884003,80432500,TSLA
457,5/11/2020,158.102005,164.800003,157,162.257996,162.257996,82598000,TSLA
458,5/12/2020,165.399994,168.658005,161.600006,161.882004,161.882004,79534500,TSLA
459,5/13/2020,164.166,165.199997,152.660004,158.192001,158.192001,95327500,TSLA
460,5/14/2020,156,160.671997,152.800003,160.666,160.666,68411000,TSLA
461,5/15/2020,158.070007,161.009995,157.309998,159.834,159.834,52592000,TSLA
462,5/18/2020,165.556,166.944,160.776001,162.725998,162.725998,58329000,TSLA
463,5/19/2020,163.033997,164.414001,161.216003,161.602005,161.602005,48182500,TSLA
464,5/20/2020,164.100006,165.199997,162.360001,163.112,163.112,36546500,TSLA
465,5/21/2020,163.199997,166.5,159.199997,165.520004,165.520004,61273000,TSLA
466,5/22/2020,164.434006,166.356003,162.399994,163.376007,163.376007,49937500,TSLA
467,5/26/2020,166.899994,166.919998,163.141998,163.774002,163.774002,40448500,TSLA
468,5/27/2020,164.171997,165.542007,157,164.046005,164.046005,57747500,TSLA
469,5/28/2020,162.701996,164.949997,160.337997,161.162003,161.162003,36278000,TSLA
470,5/29/2020,161.75,167,160.841995,167,167,58822500,TSLA
471,6/1/2020,171.600006,179.800003,170.820007,179.619995,179.619995,74697500,TSLA
472,6/2/2020,178.940002,181.731995,174.199997,176.311996,176.311996,67828000,TSLA
473,6/3/2020,177.623993,179.587997,176.020004,176.591995,176.591995,39747500,TSLA
474,6/4/2020,177.975998,179.149994,171.688004,172.876007,172.876007,44438500,TSLA
475,6/5/2020,175.567993,177.304001,173.240005,177.132004,177.132004,39059500,TSLA
476,6/8/2020,183.800003,190,181.832001,189.983994,189.983994,70873500,TSLA
477,6/9/2020,188.001999,190.888,184.785995,188.134003,188.134003,56941000,TSLA
478,6/10/2020,198.376007,205.496002,196.5,205.009995,205.009995,92817000,TSLA
479,6/11/2020,198.039993,203.792007,194.399994,194.567993,194.567993,79582500,TSLA
480,6/12/2020,196,197.595993,182.520004,187.056,187.056,83817000,TSLA
481,6/15/2020,183.557999,199.768005,181.699997,198.179993,198.179993,78486000,TSLA
482,6/16/2020,202.369995,202.576004,192.477997,196.425995,196.425995,70255500,TSLA
483,6/17/2020,197.542007,201,196.514008,198.358002,198.358002,49454000,TSLA
484,6/18/2020,200.600006,203.839996,198.893997,200.792007,200.792007,48759500,TSLA
485,6/19/2020,202.556,203.194,198.268005,200.179993,200.179993,43398500,TSLA
486,6/22/2020,199.990005,201.776001,198.003998,198.863998,198.863998,31812000,TSLA
487,6/23/2020,199.776001,202.399994,198.802002,200.356003,200.356003,31826500,TSLA
488,6/24/2020,198.822006,200.175995,190.628006,192.169998,192.169998,54798000,TSLA
489,6/25/2020,190.854004,197.195999,187.429993,197.195999,197.195999,46272500,TSLA
490,6/26/2020,198.955994,199,190.973999,191.947998,191.947998,44274500,TSLA
491,6/29/2020,193.802002,202,189.703995,201.869995,201.869995,45132000,TSLA
492,6/30/2020,201.300003,217.537994,200.746002,215.962006,215.962006,84592500,TSLA
493,7/1/2020,216.600006,227.065994,216.100006,223.925995,223.925995,66634500,TSLA
494,7/2/2020,244.296005,245.600006,237.119995,241.731995,241.731995,86250500,TSLA
495,7/6/2020,255.337997,275.558014,253.207993,274.31601,274.31601,102849500,TSLA
496,7/7/2020,281.002014,285.899994,267.34201,277.971985,277.971985,107448500,TSLA
497,7/8/2020,281,283.451996,262.268005,273.175995,273.175995,81556500,TSLA
498,7/9/2020,279.39801,281.712006,270.256012,278.855988,278.855988,58588000,TSLA
499,7/10/2020,279.200012,309.783997,275.201996,308.929993,308.929993,116688000,TSLA
500,7/13/2020,331.799988,358.997986,294.221985,299.411987,299.411987,194927000,TSLA
501,7/14/2020,311.200012,318,286.200012,303.359985,303.359985,117090500,TSLA
502,7/15/2020,308.600006,310,291.399994,309.201996,309.201996,81839000,TSLA
503,7/16/2020,295.432007,306.34201,293.200012,300.127991,300.127991,71504000,TSLA
504,7/17/2020,302.690002,307.502014,298,300.167999,300.167999,46650000,TSLA
505,7/20/2020,303.802002,330,297.600006,328.600006,328.600006,85607000,TSLA
506,7/21/2020,327.985992,335,311.600006,313.671997,313.671997,80536000,TSLA
507,7/22/2020,319.799988,325.283997,312.399994,318.466003,318.466003,70805500,TSLA
508,7/23/2020,335.790009,337.799988,296.153992,302.614014,302.614014,121642500,TSLA
509,7/24/2020,283.201996,293,273.308014,283.399994,283.399994,96983000,TSLA
510,7/27/2020,287,309.588013,282.600006,307.920013,307.920013,80243500,TSLA
511,7/28/2020,300.799988,312.940002,294.884003,295.298004,295.298004,79043500,TSLA
512,7/29/2020,300.200012,306.962006,297.399994,299.821991,299.821991,47134500,TSLA
513,7/30/2020,297.600006,302.64801,294.200012,297.497986,297.497986,38105000,TSLA
514,7/31/2020,303,303.410004,284.196014,286.152008,286.152008,61041000,TSLA
515,8/3/2020,289.839996,301.962006,288.876007,297,297,44046500,TSLA
516,8/4/2020,299.002014,305.481995,292.399994,297.399994,297.399994,42075000,TSLA
517,8/5/2020,298.597992,299.967987,293.661987,297.003998,297.003998,24739000,TSLA
518,8/6/2020,298.165985,303.462006,295.451996,297.915985,297.915985,29961500,TSLA
519,8/7/2020,299.90799,299.950012,283.002014,290.541992,290.541992,44482000,TSLA
520,8/10/2020,289.600006,291.5,277.167999,283.713989,283.713989,37611500,TSLA
521,8/11/2020,279.200012,284,273,274.877991,274.877991,43129000,TSLA
522,8/12/2020,294,317,287,310.951996,310.951996,109147000,TSLA
523,8/13/2020,322.200012,330.235992,313.451996,324.200012,324.200012,102126500,TSLA
524,8/14/2020,332.997986,333.76001,325.328003,330.141998,330.141998,62888000,TSLA
525,8/17/2020,335.399994,369.171997,334.56601,367.127991,367.127991,101211500,TSLA
526,8/18/2020,379.798004,384.779999,369.022003,377.417999,377.417999,82372500,TSLA
527,8/19/2020,373,382.200012,368.242004,375.705994,375.705994,61026500,TSLA
528,8/20/2020,372.135986,404.39801,371.411987,400.365997,400.365997,103059000,TSLA
529,8/21/2020,408.951996,419.097992,405.01001,409.996002,409.996002,107448000,TSLA
530,8/24/2020,425.256012,425.799988,385.503998,402.839996,402.839996,100318000,TSLA
531,8/25/2020,394.977997,405.589996,393.600006,404.667999,404.667999,53294500,TSLA
532,8/26/2020,412,433.200012,410.726013,430.634003,430.634003,71197000,TSLA
533,8/27/2020,436.09201,459.119995,428.5,447.75,447.75,118465000,TSLA
534,8/28/2020,459.023987,463.697998,437.303986,442.679993,442.679993,100406000,TSLA
535,8/31/2020,444.609985,500.140015,440.109985,498.320007,498.320007,118374400,TSLA
536,9/1/2020,502.140015,502.48999,470.51001,475.049988,475.049988,89841100,TSLA
537,9/2/2020,478.98999,479.040009,405.119995,447.369995,447.369995,96176100,TSLA
538,9/3/2020,407.230011,431.799988,402,407,407,87596100,TSLA
539,9/4/2020,402.809998,428,372.019989,418.320007,418.320007,110321900,TSLA
540,9/8/2020,356,368.73999,329.880005,330.209991,330.209991,115465700,TSLA
541,9/9/2020,356.600006,369,341.51001,366.279999,366.279999,79465800,TSLA
542,9/10/2020,386.209991,398.98999,360.559998,371.339996,371.339996,84930600,TSLA
543,9/11/2020,381.940002,382.5,360.5,372.720001,372.720001,60717500,TSLA
544,9/14/2020,380.950012,420,373.299988,419.619995,419.619995,83020600,TSLA
545,9/15/2020,436.559998,461.940002,430.700012,449.76001,449.76001,97298200,TSLA
546,9/16/2020,439.869995,457.790009,435.309998,441.76001,441.76001,72279300,TSLA
547,9/17/2020,415.600006,437.790009,408,423.429993,423.429993,76779200,TSLA
548,9/18/2020,447.940002,451,428.799988,442.149994,442.149994,86406800,TSLA
549,9/21/2020,453.130005,455.679993,407.070007,449.390015,449.390015,109476800,TSLA
550,9/22/2020,429.600006,437.76001,417.600006,424.230011,424.230011,79580800,TSLA
551,9/23/2020,405.160004,412.149994,375.880005,380.359985,380.359985,95074200,TSLA
552,9/24/2020,363.799988,399.5,351.299988,387.790009,387.790009,96561100,TSLA
553,9/25/2020,393.470001,408.730011,391.299988,407.339996,407.339996,67208500,TSLA
554,9/28/2020,424.619995,428.079987,415.549988,421.200012,421.200012,49719600,TSLA
555,9/29/2020,416,428.5,411.600006,419.070007,419.070007,50219300,TSLA
556,9/30/2020,421.320007,433.929993,420.470001,429.01001,429.01001,48145600,TSLA
557,10/1/2020,440.76001,448.880005,434.420013,448.160004,448.160004,50741500,TSLA
558,10/2/2020,421.390015,439.130005,415,415.089996,415.089996,71430000,TSLA
559,10/5/2020,423.350006,433.640015,419.329987,425.679993,425.679993,44722800,TSLA
560,10/6/2020,423.790009,428.779999,406.049988,413.980011,413.980011,49146300,TSLA
561,10/7/2020,419.869995,429.899994,413.850006,425.299988,425.299988,43127700,TSLA
562,10/8/2020,438.440002,439,425.299988,425.920013,425.920013,40421100,TSLA
563,10/9/2020,430.130005,434.589996,426.459991,434,434,28925700,TSLA
564,10/12/2020,442,448.73999,438.579987,442.299988,442.299988,38791100,TSLA
565,10/13/2020,443.350006,448.890015,436.600006,446.649994,446.649994,34463700,TSLA
566,10/14/2020,449.779999,465.899994,447.350006,461.299988,461.299988,47879700,TSLA
567,10/15/2020,450.309998,456.570007,442.5,448.880005,448.880005,35672400,TSLA
568,10/16/2020,454.440002,455.950012,438.850006,439.670013,439.670013,32775900,TSLA
569,10/19/2020,446.23999,447,428.869995,430.829987,430.829987,36287800,TSLA
570,10/20/2020,431.75,431.75,419.049988,421.940002,421.940002,31656300,TSLA
571,10/21/2020,422.700012,432.950012,421.25,422.640015,422.640015,32370500,TSLA
572,10/22/2020,441.920013,445.230011,424.51001,425.790009,425.790009,39993200,TSLA
573,10/23/2020,421.839996,422.890015,407.380005,420.630005,420.630005,33717000,TSLA
574,10/26/2020,411.630005,425.76001,410,420.279999,420.279999,28239200,TSLA
575,10/27/2020,423.76001,430.5,420.100006,424.679993,424.679993,22686500,TSLA
576,10/28/2020,416.480011,418.600006,406,406.019989,406.019989,25451400,TSLA
577,10/29/2020,409.959991,418.059998,406.459991,410.829987,410.829987,22655300,TSLA
578,10/30/2020,406.899994,407.589996,379.109985,388.040009,388.040009,42511300,TSLA
579,11/2/2020,394,406.980011,392.299988,400.51001,400.51001,29021100,TSLA
580,11/3/2020,409.730011,427.769989,406.690002,423.899994,423.899994,34351700,TSLA
581,11/4/2020,430.619995,435.399994,417.100006,420.980011,420.980011,32143100,TSLA
582,11/5/2020,428.299988,440,424,438.089996,438.089996,28414500,TSLA
583,11/6/2020,436.100006,436.570007,424.279999,429.950012,429.950012,21706000,TSLA
584,11/9/2020,439.5,452.5,421,421.26001,421.26001,34833000,TSLA
585,11/10/2020,420.089996,420.089996,396.029999,410.359985,410.359985,30284200,TSLA
586,11/11/2020,416.450012,418.700012,410.579987,417.130005,417.130005,17357700,TSLA
587,11/12/2020,415.049988,423,409.519989,411.76001,411.76001,19855100,TSLA
588,11/13/2020,410.850006,412.529999,401.660004,408.5,408.5,19771100,TSLA
589,11/16/2020,408.929993,412.450012,404.089996,408.089996,408.089996,26838600,TSLA
590,11/17/2020,460.170013,462,433.01001,441.609985,441.609985,61188300,TSLA
591,11/18/2020,448.350006,496,443.5,486.640015,486.640015,78044000,TSLA
592,11/19/2020,492,508.609985,487.570007,499.269989,499.269989,62475300,TSLA
593,11/20/2020,497.98999,502.5,489.059998,489.609985,489.609985,32911900,TSLA
594,11/23/2020,503.5,526,501.790009,521.849976,521.849976,50260300,TSLA
595,11/24/2020,540.400024,559.98999,526.200012,555.380005,555.380005,53648500,TSLA
596,11/25/2020,550.059998,574,545.369995,574,574,48930200,TSLA
597,11/27/2020,581.159973,598.780029,578.450012,585.76001,585.76001,37561100,TSLA
598,11/30/2020,602.210022,607.799988,554.51001,567.599976,567.599976,63003100,TSLA
599,12/1/2020,597.590027,597.849976,572.049988,584.76001,584.76001,40103500,TSLA
600,9/25/2019,54.637501,55.375,54.285,55.2575,54.216656,87613600,AAPL
601,9/26/2019,55,55.235001,54.7075,54.9725,53.937023,75334000,AAPL
602,9/27/2019,55.134998,55.240002,54.32,54.705002,53.674572,101408000,AAPL
603,9/30/2019,55.224998,56.145,55.197498,55.9925,54.937817,103909600,AAPL
604,10/1/2019,56.267502,57.055,56.049999,56.147499,55.089893,139223200,AAPL
605,10/2/2019,55.764999,55.895,54.482498,54.740002,53.708908,138449200,AAPL
606,10/3/2019,54.607498,55.240002,53.782501,55.205002,54.16515,114426000,AAPL
607,10/4/2019,56.41,56.872501,55.9725,56.752499,55.683498,138478800,AAPL
608,10/7/2019,56.567501,57.482498,56.459999,56.764999,55.695759,122306000,AAPL
609,10/8/2019,56.455002,57.014999,56.0825,56.099998,55.043289,111820000,AAPL
610,10/9/2019,56.7575,56.947498,56.41,56.7575,55.688408,74770400,AAPL
611,10/10/2019,56.982498,57.610001,56.825001,57.522499,56.438995,113013600,AAPL
612,10/11/2019,58.237499,59.41,58.077499,59.052502,57.940178,166795600,AAPL
613,10/14/2019,58.724998,59.532501,58.6675,58.967499,57.856777,96427600,AAPL
614,10/15/2019,59.0975,59.412498,58.720001,58.830002,57.72187,87360000,AAPL
615,10/16/2019,58.342499,58.810001,58.299999,58.592499,57.488842,73903200,AAPL
616,10/17/2019,58.772499,59.037498,58.380001,58.82,57.712059,67585200,AAPL
617,10/18/2019,58.647499,59.395,58.572498,59.102501,57.989235,97433600,AAPL
618,10/21/2019,59.380001,60.247501,59.330002,60.127499,58.994926,87247200,AAPL
619,10/22/2019,60.290001,60.549999,59.904999,59.990002,58.86002,82293600,AAPL
620,10/23/2019,60.525002,60.810001,60.305,60.794998,59.649853,75828800,AAPL
621,10/24/2019,61.127499,61.200001,60.452499,60.895,59.747971,69275200,AAPL
622,10/25/2019,60.790001,61.682499,60.720001,61.645,60.483845,73477200,AAPL
623,10/28/2019,61.855,62.3125,61.68,62.262501,61.089714,96572800,AAPL
624,10/29/2019,62.2425,62.4375,60.642502,60.822498,59.676838,142839600,AAPL
625,10/30/2019,61.189999,61.325001,60.302502,60.814999,59.669476,124522000,AAPL
626,10/31/2019,61.810001,62.2925,59.314999,62.189999,61.018581,139162000,AAPL
627,11/1/2019,62.384998,63.982498,62.290001,63.955002,62.750336,151125200,AAPL
628,11/4/2019,64.332497,64.462502,63.845001,64.375,63.162422,103272000,AAPL
629,11/5/2019,64.262497,64.547501,64.080002,64.282501,63.071667,79897600,AAPL
630,11/6/2019,64.192497,64.372498,63.842499,64.309998,63.098648,75864400,AAPL
631,11/7/2019,64.684998,65.087502,64.527496,64.857498,63.826874,94940400,AAPL
632,11/8/2019,64.672501,65.110001,64.212502,65.035004,64.001572,69986400,AAPL
633,11/11/2019,64.574997,65.6175,64.57,65.550003,64.508385,81821200,AAPL
634,11/12/2019,65.387497,65.697502,65.230003,65.489998,64.449333,87388800,AAPL
635,11/13/2019,65.282501,66.195,65.267502,66.1175,65.066849,102734400,AAPL
636,11/14/2019,65.9375,66.220001,65.525002,65.660004,64.616638,89182800,AAPL
637,11/15/2019,65.919998,66.445,65.752502,66.440002,65.384239,100206400,AAPL
638,11/18/2019,66.449997,66.857498,66.057503,66.775002,65.713921,86703200,AAPL
639,11/19/2019,66.974998,67,66.347504,66.572502,65.514626,76167200,AAPL
640,11/20/2019,66.385002,66.519997,65.099998,65.797501,64.751938,106234400,AAPL
641,11/21/2019,65.922501,66.002502,65.294998,65.502502,64.461655,121395200,AAPL
642,11/22/2019,65.647499,65.794998,65.209999,65.445,64.405045,65325200,AAPL
643,11/25/2019,65.677498,66.610001,65.629997,66.592499,65.534309,84020400,AAPL
644,11/26/2019,66.735001,66.790001,65.625,66.072502,65.022583,105207600,AAPL
645,11/27/2019,66.394997,66.995003,66.327499,66.959999,65.895981,65235600,AAPL
646,11/29/2019,66.650002,67,66.474998,66.8125,65.750816,46617600,AAPL
647,12/2/2019,66.817497,67.0625,65.862503,66.040001,64.990601,94487200,AAPL
648,12/3/2019,64.577499,64.8825,64.072502,64.862503,63.831806,114430400,AAPL
649,12/4/2019,65.267502,65.827499,65.169998,65.434998,64.395203,67181600,AAPL
650,12/5/2019,65.947502,66.472504,65.682503,66.394997,65.339951,74424400,AAPL
651,12/6/2019,66.870003,67.75,66.824997,67.677498,66.602074,106075600,AAPL
652,12/9/2019,67.5,67.699997,66.227501,66.730003,65.669647,128042400,AAPL
653,12/10/2019,67.150002,67.517502,66.464996,67.120003,66.053436,90420400,AAPL
654,12/11/2019,67.202499,67.775002,67.125,67.692497,66.616829,78756800,AAPL
655,12/12/2019,66.945,68.139999,66.830002,67.864998,66.786598,137310400,AAPL
656,12/13/2019,67.864998,68.824997,67.732498,68.787498,67.694435,133587600,AAPL
657,12/16/2019,69.25,70.197502,69.245003,69.964996,68.853226,128186000,AAPL
658,12/17/2019,69.892502,70.442497,69.699997,70.102501,68.988548,114158400,AAPL
659,12/18/2019,69.949997,70.474998,69.779999,69.934998,68.823692,116028400,AAPL
660,12/19/2019,69.875,70.294998,69.737503,70.004997,68.892593,98369200,AAPL
661,12/20/2019,70.557503,70.662498,69.639999,69.860001,68.749893,275978000,AAPL
662,12/23/2019,70.1325,71.0625,70.092499,71,69.87178,98572000,AAPL
663,12/24/2019,71.172501,71.222504,70.730003,71.067497,69.938194,48478800,AAPL
664,12/26/2019,71.205002,72.495003,71.175003,72.477501,71.325798,93121200,AAPL
665,12/27/2019,72.779999,73.4925,72.029999,72.449997,71.298744,146266000,AAPL
666,12/30/2019,72.364998,73.172501,71.305,72.879997,71.721901,144114400,AAPL
667,12/31/2019,72.482498,73.419998,72.379997,73.412498,72.245941,100805600,AAPL
668,1/2/2020,74.059998,75.150002,73.797501,75.087502,73.894333,135480400,AAPL
669,1/3/2020,74.287498,75.144997,74.125,74.357498,73.175919,146322800,AAPL
670,1/6/2020,73.447502,74.989998,73.1875,74.949997,73.75901,118387200,AAPL
671,1/7/2020,74.959999,75.224998,74.370003,74.597504,73.412117,108872000,AAPL
672,1/8/2020,74.290001,76.110001,74.290001,75.797501,74.593033,132079200,AAPL
673,1/9/2020,76.809998,77.607498,76.550003,77.407501,76.17746,170108400,AAPL
674,1/10/2020,77.650002,78.167503,77.0625,77.582497,76.34967,140644800,AAPL
675,1/13/2020,77.910004,79.267502,77.787498,79.239998,77.980835,121532000,AAPL
676,1/14/2020,79.175003,79.392502,78.042503,78.169998,76.927841,161954400,AAPL
677,1/15/2020,77.962502,78.875,77.387497,77.834999,76.598167,121923600,AAPL
678,1/16/2020,78.397499,78.925003,78.022499,78.809998,77.557678,108829200,AAPL
679,1/17/2020,79.067497,79.684998,78.75,79.682503,78.416306,137816400,AAPL
680,1/21/2020,79.297501,79.754997,79,79.142502,77.88488,110843200,AAPL
681,1/22/2020,79.644997,79.997498,79.327499,79.425003,78.162895,101832400,AAPL
682,1/23/2020,79.480003,79.889999,78.912498,79.807503,78.53933,104472000,AAPL
683,1/24/2020,80.0625,80.832497,79.379997,79.577499,78.312981,146537600,AAPL
684,1/27/2020,77.514999,77.942497,76.220001,77.237503,76.010162,161940000,AAPL
685,1/28/2020,78.150002,79.599998,78.047501,79.422501,78.160446,162234000,AAPL
686,1/29/2020,81.112503,81.962502,80.345001,81.084999,79.796516,216229200,AAPL
687,1/30/2020,80.135002,81.022499,79.6875,80.967499,79.680878,126743200,AAPL
688,1/31/2020,80.232498,80.669998,77.072502,77.377502,76.147942,199588400,AAPL
689,2/3/2020,76.074997,78.372498,75.555,77.165001,75.938812,173788400,AAPL
690,2/4/2020,78.827499,79.910004,78.407501,79.712502,78.445824,136616400,AAPL
691,2/5/2020,80.879997,81.190002,79.737503,80.362503,79.085503,118826800,AAPL
692,2/6/2020,80.642502,81.305,80.065002,81.302498,80.010567,105425600,AAPL
693,2/7/2020,80.592499,80.849998,79.5,80.0075,78.923012,117684000,AAPL
694,2/10/2020,78.544998,80.387497,78.462502,80.387497,79.297859,109348800,AAPL
695,2/11/2020,80.900002,80.974998,79.677498,79.902496,78.819427,94323200,AAPL
696,2/12/2020,80.3675,81.805,80.3675,81.800003,80.691208,113730400,AAPL
697,2/13/2020,81.047501,81.555,80.837502,81.217499,80.1166,94747600,AAPL
698,2/14/2020,81.184998,81.495003,80.712502,81.237503,80.136345,80113600,AAPL
699,2/18/2020,78.839996,79.9375,78.652496,79.75,78.668999,152531200,AAPL
700,2/19/2020,80,81.142502,80,80.904999,79.808342,93984000,AAPL
701,2/20/2020,80.657501,81.162498,79.552498,80.074997,78.989586,100566000,AAPL
702,2/21/2020,79.654999,80.112503,77.625,78.262497,77.20166,129554000,AAPL
703,2/24/2020,74.315002,76.044998,72.307503,74.544998,73.534554,222195200,AAPL
704,2/25/2020,75.237503,75.6325,71.532501,72.019997,71.043777,230673600,AAPL
705,2/26/2020,71.6325,74.470001,71.625,73.162498,72.170792,198054800,AAPL
706,2/27/2020,70.275002,71.5,68.239998,68.379997,67.453117,320605600,AAPL
707,2/28/2020,64.315002,69.602501,64.092499,68.339996,67.413651,426510000,AAPL
708,3/2/2020,70.57,75.360001,69.43,74.702499,73.689911,341397200,AAPL
709,3/3/2020,75.917503,76,71.449997,72.330002,71.349571,319475600,AAPL
710,3/4/2020,74.110001,75.849998,73.282501,75.684998,74.659096,219178400,AAPL
711,3/5/2020,73.879997,74.887497,72.852501,73.230003,72.237373,187572800,AAPL
712,3/6/2020,70.5,72.705002,70.307503,72.2575,71.278069,226176800,AAPL
713,3/9/2020,65.9375,69.522499,65.75,66.542503,65.640526,286744800,AAPL
714,3/10/2020,69.285004,71.610001,67.342499,71.334999,70.368065,285290000,AAPL
715,3/11/2020,69.347504,70.305,67.964996,68.857498,67.924149,255598800,AAPL
716,3/12/2020,63.985001,67.5,62,62.057499,61.216316,418474000,AAPL
717,3/13/2020,66.222504,69.980003,63.237499,69.4925,68.550529,370732000,AAPL
718,3/16/2020,60.487499,64.769997,60,60.552502,59.731716,322423600,AAPL
719,3/17/2020,61.877499,64.402496,59.599998,63.215,62.358128,324056000,AAPL
720,3/18/2020,59.942501,62.5,59.279999,61.6675,60.831596,300233600,AAPL
721,3/19/2020,61.8475,63.209999,60.6525,61.195,60.365505,271857200,AAPL
722,3/20/2020,61.794998,62.9575,57,57.310001,56.533169,401693200,AAPL
723,3/23/2020,57.02,57.125,53.1525,56.092499,55.332172,336752800,AAPL
724,3/24/2020,59.09,61.922501,58.575001,61.720001,60.883396,287531200,AAPL
725,3/25/2020,62.6875,64.5625,61.075001,61.380001,60.548004,303602000,AAPL
726,3/26/2020,61.630001,64.669998,61.59,64.610001,63.734226,252087200,AAPL
727,3/27/2020,63.1875,63.967499,61.762501,61.935001,61.095482,204216800,AAPL
728,3/30/2020,62.685001,63.880001,62.349998,63.702499,62.839024,167976400,AAPL
729,3/31/2020,63.900002,65.622498,63,63.572498,62.710785,197002000,AAPL
730,4/1/2020,61.625,62.18,59.782501,60.227501,59.411129,176218400,AAPL
731,4/2/2020,60.084999,61.287498,59.224998,61.232498,60.402496,165934000,AAPL
732,4/3/2020,60.700001,61.424999,59.7425,60.352501,59.534431,129880000,AAPL
733,4/6/2020,62.724998,65.777496,62.345001,65.6175,64.728065,201820400,AAPL
734,4/7/2020,67.699997,67.925003,64.75,64.857498,63.978355,202887200,AAPL
735,4/8/2020,65.684998,66.842499,65.307503,66.517502,65.61586,168895200,AAPL
736,4/9/2020,67.175003,67.517502,66.175003,66.997498,66.089363,161834800,AAPL
737,4/13/2020,67.077499,68.425003,66.457497,68.3125,67.386528,131022800,AAPL
738,4/14/2020,70,72.0625,69.512497,71.762497,70.789757,194994800,AAPL
739,4/15/2020,70.599998,71.582497,70.157501,71.107498,70.143646,131154400,AAPL
740,4/16/2020,71.845001,72.050003,70.587502,71.672501,70.700981,157125200,AAPL
741,4/17/2020,71.172501,71.737503,69.214996,70.699997,69.741661,215250000,AAPL
742,4/20/2020,69.487503,70.419998,69.212502,69.232498,68.294044,130015200,AAPL
743,4/21/2020,69.07,69.3125,66.357498,67.092499,66.183067,180991600,AAPL
744,4/22/2020,68.402496,69.474998,68.050003,69.025002,68.089378,116862400,AAPL
745,4/23/2020,68.967499,70.4375,68.717499,68.7575,67.825508,124814400,AAPL
746,4/24/2020,69.300003,70.752502,69.25,70.7425,69.783592,126161200,AAPL
747,4/27/2020,70.449997,71.135002,69.987503,70.792503,69.832924,117087600,AAPL
748,4/28/2020,71.269997,71.457497,69.550003,69.644997,68.700981,112004800,AAPL
749,4/29/2020,71.182503,72.417503,70.972504,71.932503,70.957458,137280800,AAPL
750,4/30/2020,72.489998,73.6325,72.087502,73.449997,72.454384,183064000,AAPL
751,5/1/2020,71.5625,74.75,71.462502,72.267502,71.287926,240616800,AAPL
752,5/4/2020,72.292503,73.422501,71.580002,73.290001,72.29657,133568000,AAPL
753,5/5/2020,73.764999,75.25,73.614998,74.389999,73.38166,147751200,AAPL
754,5/6/2020,75.114998,75.809998,74.717499,75.157501,74.138748,142333600,AAPL
755,5/7/2020,75.805,76.292503,75.4925,75.934998,74.905708,115215200,AAPL
756,5/8/2020,76.410004,77.587502,76.072502,77.532501,76.688591,133838400,AAPL
757,5/11/2020,77.025002,79.262497,76.809998,78.752502,77.895309,145946400,AAPL
758,5/12/2020,79.457497,79.922501,77.727501,77.852501,77.005112,162301200,AAPL
759,5/13/2020,78.037498,78.987503,75.802498,76.912498,76.075333,200622400,AAPL
760,5/14/2020,76.127502,77.447502,75.3825,77.385002,76.542702,158929200,AAPL
761,5/15/2020,75.087502,76.974998,75.052498,76.927498,76.090179,166348400,AAPL
762,5/18/2020,78.292503,79.125,77.580002,78.739998,77.88295,135178400,AAPL
763,5/19/2020,78.7575,79.629997,78.252502,78.285004,77.432915,101729600,AAPL
764,5/20/2020,79.169998,79.879997,79.129997,79.807503,78.938828,111504800,AAPL
765,5/21/2020,79.665001,80.222504,78.967499,79.212502,78.350304,102688800,AAPL
766,5/22/2020,78.942497,79.807503,78.837502,79.722504,78.854752,81803200,AAPL
767,5/26/2020,80.875,81.059998,79.125,79.182503,78.320633,125522000,AAPL
768,5/27/2020,79.035004,79.677498,78.272499,79.527496,78.661873,112945200,AAPL
769,5/28/2020,79.192497,80.860001,78.907501,79.5625,78.696503,133560800,AAPL
770,5/29/2020,79.8125,80.287498,79.1175,79.485001,78.619843,153532400,AAPL
771,6/1/2020,79.4375,80.587502,79.302498,80.462502,79.586693,80791200,AAPL
772,6/2/2020,80.1875,80.860001,79.732498,80.834999,79.955139,87642800,AAPL
773,6/3/2020,81.165001,81.550003,80.574997,81.279999,80.395302,104491200,AAPL
774,6/4/2020,81.097504,81.404999,80.195,80.580002,79.702919,87560400,AAPL
775,6/5/2020,80.837502,82.9375,80.807503,82.875,81.972939,137250400,AAPL
776,6/8/2020,82.5625,83.400002,81.830002,83.364998,82.457603,95654400,AAPL
777,6/9/2020,83.035004,86.402496,83.002502,85.997498,85.061447,147712400,AAPL
778,6/10/2020,86.974998,88.692497,86.522499,88.209999,87.249878,166651600,AAPL
779,6/11/2020,87.327499,87.764999,83.870003,83.974998,83.060966,201662400,AAPL
780,6/12/2020,86.18,86.949997,83.555,84.699997,83.778069,200146000,AAPL
781,6/15/2020,83.3125,86.419998,83.144997,85.747498,84.814171,138808800,AAPL
782,6/16/2020,87.864998,88.300003,86.18,88.019997,87.061935,165428800,AAPL
783,6/17/2020,88.787498,88.849998,87.772499,87.897499,86.940773,114406400,AAPL
784,6/18/2020,87.852501,88.362503,87.305,87.932503,86.975395,96820400,AAPL
785,6/19/2020,88.660004,89.139999,86.287498,87.43,86.478355,264476000,AAPL
786,6/22/2020,87.834999,89.864998,87.787498,89.717499,88.740959,135445200,AAPL
787,6/23/2020,91,93.095001,90.567497,91.6325,90.635117,212155600,AAPL
788,6/24/2020,91.25,92.197502,89.629997,90.014999,89.035217,192623200,AAPL
789,6/25/2020,90.175003,91.25,89.392502,91.209999,90.217209,137522400,AAPL
790,6/26/2020,91.102501,91.330002,88.254997,88.407501,87.445213,205256800,AAPL
791,6/29/2020,88.3125,90.542503,87.82,90.445,89.460548,130646000,AAPL
792,6/30/2020,90.019997,91.495003,90,91.199997,90.207314,140223200,AAPL
793,7/1/2020,91.279999,91.839996,90.977501,91.027496,90.036705,110737200,AAPL
794,7/2/2020,91.962502,92.6175,90.910004,91.027496,90.036705,114041600,AAPL
795,7/6/2020,92.5,93.945,92.467499,93.462502,92.445206,118655600,AAPL
796,7/7/2020,93.852501,94.654999,93.057503,93.172501,92.158356,112424400,AAPL
797,7/8/2020,94.18,95.375,94.089996,95.342499,94.304726,117092000,AAPL
798,7/9/2020,96.262497,96.317497,94.672501,95.752502,94.710274,125642800,AAPL
799,7/10/2020,95.334999,95.980003,94.705002,95.919998,94.875938,90257200,AAPL
800,7/13/2020,97.264999,99.955002,95.2575,95.477501,94.438271,191649200,AAPL
801,7/14/2020,94.839996,97.254997,93.877502,97.057503,96.001068,170989200,AAPL
802,7/15/2020,98.989998,99.247498,96.489998,97.724998,96.661308,153198000,AAPL
803,7/16/2020,96.5625,97.404999,95.904999,96.522499,95.471893,110577600,AAPL
804,7/17/2020,96.987503,97.147499,95.839996,96.327499,95.279007,92186800,AAPL
805,7/20/2020,96.417503,98.5,96.0625,98.357498,97.286911,90318000,AAPL
806,7/21/2020,99.172501,99.25,96.7425,97,95.944191,103433200,AAPL
807,7/22/2020,96.692497,97.974998,96.602501,97.272499,96.213722,89001600,AAPL
808,7/23/2020,96.997498,97.077499,92.010002,92.845001,91.834419,197004400,AAPL
809,7/24/2020,90.987503,92.970001,89.144997,92.614998,91.606918,185438800,AAPL
810,7/27/2020,93.709999,94.904999,93.480003,94.809998,93.77803,121214000,AAPL
811,7/28/2020,94.3675,94.550003,93.247498,93.252502,92.237503,103625600,AAPL
812,7/29/2020,93.75,95.230003,93.712502,95.040001,94.005524,90329200,AAPL
813,7/30/2020,94.1875,96.297501,93.767502,96.190002,95.143021,158130000,AAPL
814,7/31/2020,102.885002,106.415001,100.824997,106.260002,105.103401,374336800,AAPL
815,8/3/2020,108.199997,111.637497,107.892502,108.9375,107.75177,308151200,AAPL
816,8/4/2020,109.1325,110.790001,108.387497,109.665001,108.471336,173071600,AAPL
817,8/5/2020,109.377502,110.392502,108.897499,110.0625,108.864517,121776800,AAPL
818,8/6/2020,110.404999,114.412498,109.797501,113.902496,112.662712,202428800,AAPL
819,8/7/2020,113.205002,113.675003,110.292503,111.112503,110.10125,198045600,AAPL
820,8/10/2020,112.599998,113.775002,110,112.727501,111.701546,212403600,AAPL
821,8/11/2020,111.970001,112.482498,109.107498,109.375,108.379555,187902400,AAPL
822,8/12/2020,110.497498,113.275002,110.297501,113.010002,111.981483,165598000,AAPL
823,8/13/2020,114.43,116.042503,113.927498,115.010002,113.963272,210082000,AAPL
824,8/14/2020,114.830002,115,113.044998,114.907501,113.86171,165565200,AAPL
825,8/17/2020,116.0625,116.087502,113.962502,114.607498,113.564438,119561600,AAPL
826,8/18/2020,114.352501,116,114.0075,115.5625,114.51075,105633600,AAPL
827,8/19/2020,115.982498,117.162498,115.610001,115.707497,114.654419,145538000,AAPL
828,8/20/2020,115.75,118.392502,115.732498,118.275002,117.198547,126907200,AAPL
829,8/21/2020,119.262497,124.8675,119.25,124.370003,123.238091,338054800,AAPL
830,8/24/2020,128.697495,128.785004,123.9375,125.857498,124.712036,345937600,AAPL
831,8/25/2020,124.697502,125.18,123.052498,124.824997,123.688942,211495600,AAPL
832,8/26/2020,126.18,126.9925,125.082497,126.522499,125.370987,163022400,AAPL
833,8/27/2020,127.142502,127.485001,123.832497,125.010002,123.872269,155552400,AAPL
834,8/28/2020,126.012497,126.442497,124.577499,124.807503,123.6716,187630000,AAPL
835,8/31/2020,127.580002,131,126,129.039993,127.865578,225702700,AAPL
836,9/1/2020,132.759995,134.800003,130.529999,134.179993,132.958786,151948100,AAPL
837,9/2/2020,137.589996,137.979996,127,131.399994,130.204086,200119000,AAPL
838,9/3/2020,126.910004,128.839996,120.5,120.879997,119.779846,257599600,AAPL
839,9/4/2020,120.07,123.699997,110.889999,120.959999,119.859116,332607200,AAPL
840,9/8/2020,113.949997,118.989998,112.68,112.82,111.793213,231366600,AAPL
841,9/9/2020,117.260002,119.139999,115.260002,117.32,116.252251,176940500,AAPL
842,9/10/2020,120.360001,120.5,112.5,113.489998,112.4571,182274400,AAPL
843,9/11/2020,114.57,115.230003,110,112,110.980659,180860300,AAPL
844,9/14/2020,114.720001,115.93,112.800003,115.360001,114.310089,140150100,AAPL
845,9/15/2020,118.330002,118.830002,113.610001,115.540001,114.488457,184642000,AAPL
846,9/16/2020,115.230003,116,112.040001,112.129997,111.109474,154679000,AAPL
847,9/17/2020,109.720001,112.199997,108.709999,110.339996,109.335777,178011000,AAPL
848,9/18/2020,110.400002,110.879997,106.089996,106.839996,105.867622,287104900,AAPL
849,9/21/2020,104.540001,110.190002,103.099998,110.080002,109.078148,195713800,AAPL
850,9/22/2020,112.68,112.860001,109.160004,111.809998,110.792389,183055400,AAPL
851,9/23/2020,111.620003,112.110001,106.769997,107.120003,106.145081,150718700,AAPL
852,9/24/2020,105.169998,110.25,105,108.220001,107.235069,167743300,AAPL
853,9/25/2020,108.43,112.440002,107.669998,112.279999,111.25811,149981400,AAPL
854,9/28/2020,115.010002,115.32,112.779999,114.959999,113.913727,137672400,AAPL
855,9/29/2020,114.550003,115.309998,113.57,114.089996,113.051643,99382200,AAPL
856,9/30/2020,113.790001,117.260002,113.620003,115.809998,114.755981,142675200,AAPL
857,10/1/2020,117.639999,117.720001,115.830002,116.790001,115.727066,116120400,AAPL
858,10/2/2020,112.889999,115.370003,112.220001,113.019997,111.991386,144712000,AAPL
859,10/5/2020,113.910004,116.650002,113.550003,116.5,115.43972,106243800,AAPL
860,10/6/2020,115.699997,116.120003,112.25,113.160004,112.130104,161498200,AAPL
861,10/7/2020,114.620003,115.550003,114.129997,115.080002,114.032639,96849000,AAPL
862,10/8/2020,116.25,116.400002,114.589996,114.970001,113.923637,83477200,AAPL
863,10/9/2020,115.279999,117,114.919998,116.970001,115.905434,100506900,AAPL
864,10/12/2020,120.059998,125.18,119.279999,124.400002,123.267807,240226800,AAPL
865,10/13/2020,125.269997,125.389999,119.650002,121.099998,119.997841,262330500,AAPL
866,10/14/2020,121,123.029999,119.620003,121.190002,120.087021,150712000,AAPL
867,10/15/2020,118.720001,121.199997,118.150002,120.709999,119.611397,112559200,AAPL
868,10/16/2020,121.279999,121.550003,118.809998,119.019997,117.936768,115393800,AAPL
869,10/19/2020,119.959999,120.419998,115.660004,115.980003,114.924454,120639300,AAPL
870,10/20/2020,116.199997,118.980003,115.629997,117.510002,116.440514,124423700,AAPL
871,10/21/2020,116.669998,118.709999,116.449997,116.870003,115.806335,89946000,AAPL
872,10/22/2020,117.449997,118.040001,114.589996,115.75,114.696533,101988000,AAPL
873,10/23/2020,116.389999,116.550003,114.279999,115.040001,113.992996,82572600,AAPL
874,10/26/2020,114.010002,116.550003,112.879997,115.050003,114.002914,111850700,AAPL
875,10/27/2020,115.489998,117.279999,114.540001,116.599998,115.538803,92276800,AAPL
876,10/28/2020,115.050003,115.43,111.099998,111.199997,110.187943,143937800,AAPL
877,10/29/2020,112.370003,116.93,112.199997,115.32,114.270447,146129200,AAPL
878,10/30/2020,111.059998,111.989998,107.720001,108.860001,107.86924,190272600,AAPL
879,11/2/2020,109.110001,110.68,107.32,108.769997,107.780052,122866900,AAPL
880,11/3/2020,109.660004,111.489998,108.730003,110.440002,109.434868,107624400,AAPL
881,11/4/2020,114.139999,115.589996,112.349998,114.949997,113.903809,138235500,AAPL
882,11/5/2020,117.949997,119.620003,116.870003,119.029999,117.946678,126387100,AAPL
883,11/6/2020,118.32,119.199997,116.129997,118.690002,117.812691,114457900,AAPL
884,11/9/2020,120.5,121.989998,116.050003,116.32,115.460197,154515300,AAPL
885,11/10/2020,115.550003,117.589996,114.129997,115.970001,115.112793,138023400,AAPL
886,11/11/2020,117.190002,119.629997,116.440002,119.489998,118.606773,112295000,AAPL
887,11/12/2020,119.620003,120.529999,118.57,119.209999,118.328835,103162300,AAPL
888,11/13/2020,119.440002,119.669998,117.870003,119.260002,118.378471,81581900,AAPL
889,11/16/2020,118.919998,120.989998,118.150002,120.300003,119.410782,91183000,AAPL
890,11/17/2020,119.550003,120.669998,118.959999,119.389999,118.507507,74271000,AAPL
891,11/18/2020,118.610001,119.82,118,118.029999,117.157562,76322100,AAPL
892,11/19/2020,117.589996,119.059998,116.809998,118.639999,117.763062,74113000,AAPL
893,11/20/2020,118.639999,118.769997,117.290001,117.339996,116.472664,73604300,AAPL
894,11/23/2020,117.18,117.620003,113.75,113.849998,113.008446,127959300,AAPL
895,11/24/2020,113.910004,115.849998,112.589996,115.169998,114.318703,113874200,AAPL
896,11/25/2020,115.550003,116.75,115.169998,116.029999,115.172348,76499200,AAPL
897,11/27/2020,116.57,117.489998,116.220001,116.589996,115.728203,46691300,AAPL
898,11/30/2020,116.970001,120.970001,116.809998,119.050003,118.170029,169410200,AAPL
899,12/1/2020,121.010002,123.470001,120.010002,122.720001,121.812897,127728200,AAPL
